"DESCRIPTION","DURATION IN MS","NAME","PARENT SUITE","START TIME","STATUS","STOP TIME","SUB SUITE","SUITE","TEST CLASS","TEST METHOD"
"
    Test that user can continue shopping from cart page.
    Verifies that continue shopping button returns to inventory.
    ","1583","test_continue_shopping[webkit]","tests","2026-10-07","passed","2026-10-07","","test_cart","",""
"
    Test that invalid password shows error message.
    Verifies that login fails with incorrect password.
    ","6352","test_invalid_password[webkit]","tests","2026-10-07","passed","2026-10-07","","test_login","",""
"
    Test that a standard user can successfully login.
    Verifies that the inventory page loads after login.
    ","1279","test_valid_login_standard_user[firefox]","tests","2026-10-07","passed","2026-10-07","","test_login","",""
"
    Test that cart displays correct item details (name and price).
    Verifies that item information is accurate in the cart.
    ","1609","test_cart_item_details[webkit]","tests","2026-10-07","passed","2026-10-07","","test_cart","",""
"
    Test that user can add a single item to cart.
    Verifies that cart count increments to 1.
    ","2124","test_add_single_item_to_cart[webkit]","tests","2026-10-07","passed","2026-10-07","","test_cart","",""
"
    Test that user can remove items from cart.
    Verifies that cart is empty after removing all items.
    ","2133","test_remove_item_from_cart[webkit]","tests","2026-10-07","passed","2026-10-07","","test_cart","",""
"
    Test complete end-to-end checkout flow.
    Verifies full journey: login → add items → checkout → confirmation.
    ","1878","test_complete_checkout_flow[firefox]","tests","2026-10-07","passed","2026-10-07","","test_checkout","",""
"
    Test that a standard user can successfully login.
    Verifies that the inventory page loads after login.
    ","1353","test_valid_login_standard_user[webkit]","tests","2026-10-07","passed","2026-10-07","","test_login","",""
"
    Test that products can be sorted A-Z by name.
    Verifies that products are in alphabetical order.
    ","1347","test_sort_products_az[firefox]","tests","2026-10-07","passed","2026-10-07","","test_inventory","",""
"
    Test that empty username field shows error message.
    Verifies validation for empty username input.
    ","836","test_empty_username[chromium]","tests","2026-10-07","passed","2026-10-07","","test_login","",""
"
    Test that user can continue shopping from cart page.
    Verifies that continue shopping button returns to inventory.
    ","1587","test_continue_shopping[firefox]","tests","2026-10-07","passed","2026-10-07","","test_cart","",""
"
    Test that inventory page loads with all 6 products visible.
    Verifies that product list is displayed after login.
    ","1454","test_inventory_page_loads[webkit]","tests","2026-10-07","passed","2026-10-07","","test_inventory","",""
"
    Test that user can navigate away from checkout and cart persists.
    Verifies that canceling checkout doesn't lose cart items.
    ","904","test_checkout_cancel[chromium]","tests","2026-10-07","failed","2026-10-07","","test_checkout","",""
"
    Test that user can navigate away from checkout and cart persists.
    Verifies that canceling checkout doesn't lose cart items.
    ","2752","test_checkout_cancel[webkit]","tests","2026-10-07","passed","2026-10-07","","test_checkout","",""
"
    Test that invalid username shows error message.
    Verifies that login fails with non-existent username.
    ","5931","test_invalid_username[chromium]","tests","2026-10-07","passed","2026-10-07","","test_login","",""
"
    Test that products can be sorted by price low to high.
    Verifies that prices are in ascending order.
    ","950","test_sort_by_price_low_high[chromium]","tests","2026-10-07","passed","2026-10-07","","test_inventory","",""
"
    Test that user can add product to cart from product detail page.
    Verifies that add to cart button works on detail page.
    ","2148","test_add_product_from_detail_page[firefox]","tests","2026-10-07","passed","2026-10-07","","test_inventory","",""
"
    Test that missing zip code shows validation error.
    Verifies form validation for required zip code field.
    ","1646","test_missing_zip_code[firefox]","tests","2026-10-07","passed","2026-10-07","","test_checkout","",""
"
    Test that products can be sorted by price high to low.
    Verifies that prices are in descending order.
    ","1444","test_sort_by_price_high_low[webkit]","tests","2026-10-07","passed","2026-10-07","","test_inventory","",""
"
    Test that user can add multiple items to cart.
    Verifies that cart count increments correctly with each addition.
    ","1558","test_add_multiple_items_to_cart[firefox]","tests","2026-10-07","passed","2026-10-07","","test_cart","",""
"
    Test that products can be sorted Z-A by name.
    Verifies that products are in reverse alphabetical order.
    ","1337","test_sort_products_za[firefox]","tests","2026-10-07","passed","2026-10-07","","test_inventory","",""
"
    Test complete end-to-end checkout flow.
    Verifies full journey: login → add items → checkout → confirmation.
    ","942","test_complete_checkout_flow[chromium]","tests","2026-10-07","failed","2026-10-07","","test_checkout","",""
"
    Test that products can be sorted Z-A by name.
    Verifies that products are in reverse alphabetical order.
    ","979","test_sort_products_za[chromium]","tests","2026-10-07","passed","2026-10-07","","test_inventory","",""
"
    Test that inventory page loads with all 6 products visible.
    Verifies that product list is displayed after login.
    ","884","test_inventory_page_loads[chromium]","tests","2026-10-07","failed","2026-10-07","","test_inventory","",""
"
    Test that both empty fields show error message.
    Verifies validation when username and password are both empty.
    ","1206","test_both_fields_empty[firefox]","tests","2026-10-07","passed","2026-10-07","","test_login","",""
"
    Test that user can remove all items from cart.
    Verifies that cart becomes empty after removing multiple items.
    ","964","test_remove_all_items[chromium]","tests","2026-10-07","failed","2026-10-07","","test_cart","",""
"
    Test that both empty fields show error message.
    Verifies validation when username and password are both empty.
    ","1310","test_both_fields_empty[webkit]","tests","2026-10-07","passed","2026-10-07","","test_login","",""
"
    Test that user can add multiple items to cart.
    Verifies that cart count increments correctly with each addition.
    ","1030","test_add_multiple_items_to_cart[chromium]","tests","2026-10-07","failed","2026-10-07","","test_cart","",""
"
    Test that missing first name shows validation error.
    Verifies form validation for required first name field.
    ","1126","test_missing_first_name[chromium]","tests","2026-10-07","passed","2026-10-07","","test_checkout","",""
"
    Test that products can be sorted A-Z by name.
    Verifies that products are in alphabetical order.
    ","937","test_sort_products_az[chromium]","tests","2026-10-07","passed","2026-10-07","","test_inventory","",""
"
    Test that empty password field shows error message.
    Verifies validation for empty password input.
    ","1316","test_empty_password[webkit]","tests","2026-10-07","passed","2026-10-07","","test_login","",""
"
    Test that user can logout and return to login page.
    Verifies that logout functionality works correctly.
    ","1813","test_logout[chromium]","tests","2026-10-07","failed","2026-10-07","","test_login","",""
"
    Test that missing last name shows validation error.
    Verifies form validation for required last name field.
    ","1688","test_missing_last_name[firefox]","tests","2026-10-07","passed","2026-10-07","","test_checkout","",""
"
    Test that invalid password shows error message.
    Verifies that login fails with incorrect password.
    ","6235","test_invalid_password[firefox]","tests","2026-10-07","passed","2026-10-07","","test_login","",""
"
    Test that user can remove items from cart.
    Verifies that cart is empty after removing all items.
    ","2072","test_remove_item_from_cart[firefox]","tests","2026-10-07","passed","2026-10-07","","test_cart","",""
"
    Test that clicking on a product navigates to product detail page.
    Verifies that product detail page loads with correct product information.
    ","817","test_product_detail_page[chromium]","tests","2026-10-07","failed","2026-10-07","","test_inventory","",""
"
    Test that clicking on a product navigates to product detail page.
    Verifies that product detail page loads with correct product information.
    ","1469","test_product_detail_page[webkit]","tests","2026-10-07","passed","2026-10-07","","test_inventory","",""
"
    Test checkout behavior when cart is empty.
    Verifies that user cannot proceed to checkout with empty cart.
    ","1425","test_checkout_without_items[webkit]","tests","2026-10-07","passed","2026-10-07","","test_checkout","",""
"
    Test that user can continue shopping from cart page.
    Verifies that continue shopping button returns to inventory.
    ","979","test_continue_shopping[chromium]","tests","2026-10-07","failed","2026-10-07","","test_cart","",""
"
    Test that user can navigate away from checkout and cart persists.
    Verifies that canceling checkout doesn't lose cart items.
    ","2668","test_checkout_cancel[firefox]","tests","2026-10-07","passed","2026-10-07","","test_checkout","",""
"
    Test that order total is correctly calculated.
    Verifies that total = subtotal + tax.
    ","1751","test_verify_order_total[firefox]","tests","2026-10-07","passed","2026-10-07","","test_checkout","",""
"
    Test that missing first name shows validation error.
    Verifies form validation for required first name field.
    ","1698","test_missing_first_name[firefox]","tests","2026-10-07","passed","2026-10-07","","test_checkout","",""
"
    Test that cart displays correct item details (name and price).
    Verifies that item information is accurate in the cart.
    ","906","test_cart_item_details[chromium]","tests","2026-10-07","failed","2026-10-07","","test_cart","",""
"
    Test that products can be sorted by price low to high.
    Verifies that prices are in ascending order.
    ","1512","test_sort_by_price_low_high[webkit]","tests","2026-10-07","passed","2026-10-07","","test_inventory","",""
"
    Test that user can remove all items from cart.
    Verifies that cart becomes empty after removing multiple items.
    ","2463","test_remove_all_items[webkit]","tests","2026-10-07","passed","2026-10-07","","test_cart","",""
"
    Test that a locked out user cannot login and sees appropriate error message.
    Verifies error handling for locked user accounts.
    ","5843","test_locked_out_user[chromium]","tests","2026-10-07","passed","2026-10-07","","test_login","",""
"
    Test that cart items persist after navigating away and back.
    Verifies that cart data is maintained across page navigation.
    ","1012","test_cart_persists_after_navigation[chromium]","tests","2026-10-07","passed","2026-10-07","","test_cart","",""
"
    Test that missing zip code shows validation error.
    Verifies form validation for required zip code field.
    ","1082","test_missing_zip_code[chromium]","tests","2026-10-07","passed","2026-10-07","","test_checkout","",""
"
    Test that invalid username shows error message.
    Verifies that login fails with non-existent username.
    ","6205","test_invalid_username[firefox]","tests","2026-10-07","passed","2026-10-07","","test_login","",""
"
    Test that products can be sorted by price high to low.
    Verifies that prices are in descending order.
    ","970","test_sort_by_price_high_low[chromium]","tests","2026-10-07","passed","2026-10-07","","test_inventory","",""
"
    Test that products can be sorted by price low to high.
    Verifies that prices are in ascending order.
    ","1610","test_sort_by_price_low_high[firefox]","tests","2026-10-07","passed","2026-10-07","","test_inventory","",""
"
    Test that user can remove items from cart.
    Verifies that cart is empty after removing all items.
    ","886","test_remove_item_from_cart[chromium]","tests","2026-10-07","failed","2026-10-07","","test_cart","",""
"
    Test that a standard user can successfully login.
    Verifies that the inventory page loads after login.
    ","882","test_valid_login_standard_user[chromium]","tests","2026-10-07","passed","2026-10-07","","test_login","",""
"
    Test that cart displays correct item details (name and price).
    Verifies that item information is accurate in the cart.
    ","1466","test_cart_item_details[firefox]","tests","2026-10-07","passed","2026-10-07","","test_cart","",""
"
    Test that a locked out user cannot login and sees appropriate error message.
    Verifies error handling for locked user accounts.
    ","6319","test_locked_out_user[webkit]","tests","2026-10-07","passed","2026-10-07","","test_login","",""
"
    Test that products can be sorted by price high to low.
    Verifies that prices are in descending order.
    ","1317","test_sort_by_price_high_low[firefox]","tests","2026-10-07","passed","2026-10-07","","test_inventory","",""
"
    Test that missing first name shows validation error.
    Verifies form validation for required first name field.
    ","1744","test_missing_first_name[webkit]","tests","2026-10-07","passed","2026-10-07","","test_checkout","",""
"
    Test that empty username field shows error message.
    Verifies validation for empty username input.
    ","1342","test_empty_username[webkit]","tests","2026-10-07","passed","2026-10-07","","test_login","",""
"
    Test that user can add a single item to cart.
    Verifies that cart count increments to 1.
    ","1671","test_add_single_item_to_cart[firefox]","tests","2026-10-07","passed","2026-10-07","","test_cart","",""
"
    Test that a locked out user cannot login and sees appropriate error message.
    Verifies error handling for locked user accounts.
    ","6435","test_locked_out_user[firefox]","tests","2026-10-07","passed","2026-10-07","","test_login","",""
"
    Test that products can be sorted Z-A by name.
    Verifies that products are in reverse alphabetical order.
    ","1439","test_sort_products_za[webkit]","tests","2026-10-07","passed","2026-10-07","","test_inventory","",""
"
    Test that user can add product to cart from product detail page.
    Verifies that add to cart button works on detail page.
    ","826","test_add_product_from_detail_page[chromium]","tests","2026-10-07","broken","2026-10-07","","test_inventory","",""
"
    Test that empty password field shows error message.
    Verifies validation for empty password input.
    ","1373","test_empty_password[firefox]","tests","2026-10-07","passed","2026-10-07","","test_login","",""
"
    Test that user can add a single item to cart.
    Verifies that cart count increments to 1.
    ","878","test_add_single_item_to_cart[chromium]","tests","2026-10-07","failed","2026-10-07","","test_cart","",""
"
    Test that order total is correctly calculated.
    Verifies that total = subtotal + tax.
    ","1851","test_verify_order_total[webkit]","tests","2026-10-07","passed","2026-10-07","","test_checkout","",""
"
    Test complete end-to-end checkout flow.
    Verifies full journey: login → add items → checkout → confirmation.
    ","1900","test_complete_checkout_flow[webkit]","tests","2026-10-07","passed","2026-10-07","","test_checkout","",""
"
    Test that user can add multiple items to cart.
    Verifies that cart count increments correctly with each addition.
    ","1775","test_add_multiple_items_to_cart[webkit]","tests","2026-10-07","passed","2026-10-07","","test_cart","",""
"
    Test that missing last name shows validation error.
    Verifies form validation for required last name field.
    ","1103","test_missing_last_name[chromium]","tests","2026-10-07","passed","2026-10-07","","test_checkout","",""
"
    Test that cart badge updates with each item addition.
    Verifies that badge count is accurate.
    ","864","test_cart_badge_updates[chromium]","tests","2026-10-07","failed","2026-10-07","","test_cart","",""
"
    Test that missing zip code shows validation error.
    Verifies form validation for required zip code field.
    ","1748","test_missing_zip_code[webkit]","tests","2026-10-07","passed","2026-10-07","","test_checkout","",""
"
    Test that both empty fields show error message.
    Verifies validation when username and password are both empty.
    ","830","test_both_fields_empty[chromium]","tests","2026-10-07","passed","2026-10-07","","test_login","",""
"
    Test that invalid password shows error message.
    Verifies that login fails with incorrect password.
    ","5838","test_invalid_password[chromium]","tests","2026-10-07","passed","2026-10-07","","test_login","",""
"
    Test that invalid username shows error message.
    Verifies that login fails with non-existent username.
    ","6385","test_invalid_username[webkit]","tests","2026-10-07","passed","2026-10-07","","test_login","",""
"
    Test that cart items persist after navigating away and back.
    Verifies that cart data is maintained across page navigation.
    ","1744","test_cart_persists_after_navigation[webkit]","tests","2026-10-07","passed","2026-10-07","","test_cart","",""
"
    Test that user can logout and return to login page.
    Verifies that logout functionality works correctly.
    ","2437","test_logout[webkit]","tests","2026-10-07","passed","2026-10-07","","test_login","",""
"
    Test that clicking on a product navigates to product detail page.
    Verifies that product detail page loads with correct product information.
    ","1455","test_product_detail_page[firefox]","tests","2026-10-07","passed","2026-10-07","","test_inventory","",""
"
    Test that user can remove all items from cart.
    Verifies that cart becomes empty after removing multiple items.
    ","2309","test_remove_all_items[firefox]","tests","2026-10-07","passed","2026-10-07","","test_cart","",""
"
    Test that inventory page loads with all 6 products visible.
    Verifies that product list is displayed after login.
    ","1309","test_inventory_page_loads[firefox]","tests","2026-10-07","passed","2026-10-07","","test_inventory","",""
"
    Test that empty password field shows error message.
    Verifies validation for empty password input.
    ","865","test_empty_password[chromium]","tests","2026-10-07","passed","2026-10-07","","test_login","",""
"
    Test that empty username field shows error message.
    Verifies validation for empty username input.
    ","1303","test_empty_username[firefox]","tests","2026-10-07","passed","2026-10-07","","test_login","",""
"
    Test that cart badge updates with each item addition.
    Verifies that badge count is accurate.
    ","1692","test_cart_badge_updates[webkit]","tests","2026-10-07","passed","2026-10-07","","test_cart","",""
"
    Test checkout behavior when cart is empty.
    Verifies that user cannot proceed to checkout with empty cart.
    ","928","test_checkout_without_items[chromium]","tests","2026-10-07","passed","2026-10-07","","test_checkout","",""
"
    Test that cart items persist after navigating away and back.
    Verifies that cart data is maintained across page navigation.
    ","1562","test_cart_persists_after_navigation[firefox]","tests","2026-10-07","passed","2026-10-07","","test_cart","",""
"
    Test that user can logout and return to login page.
    Verifies that logout functionality works correctly.
    ","2314","test_logout[firefox]","tests","2026-10-07","passed","2026-10-07","","test_login","",""
"
    Test that products can be sorted A-Z by name.
    Verifies that products are in alphabetical order.
    ","1479","test_sort_products_az[webkit]","tests","2026-10-07","passed","2026-10-07","","test_inventory","",""
"
    Test that cart badge updates with each item addition.
    Verifies that badge count is accurate.
    ","1611","test_cart_badge_updates[firefox]","tests","2026-10-07","passed","2026-10-07","","test_cart","",""
"
    Test checkout behavior when cart is empty.
    Verifies that user cannot proceed to checkout with empty cart.
    ","1334","test_checkout_without_items[firefox]","tests","2026-10-07","passed","2026-10-07","","test_checkout","",""
"
    Test that order total is correctly calculated.
    Verifies that total = subtotal + tax.
    ","1197","test_verify_order_total[chromium]","tests","2026-10-07","failed","2026-10-07","","test_checkout","",""
"
    Test that missing last name shows validation error.
    Verifies form validation for required last name field.
    ","1662","test_missing_last_name[webkit]","tests","2026-10-07","passed","2026-10-07","","test_checkout","",""
"
    Test that user can add product to cart from product detail page.
    Verifies that add to cart button works on detail page.
    ","2111","test_add_product_from_detail_page[webkit]","tests","2026-10-07","passed","2026-10-07","","test_inventory","",""
